,time
0,3 个月前
1,4 个月前
2,4 个月前
3,1 年前
4,1 年前
5,1 年前
6,1 年前
7,1 年前
8,1 年前
9,1 年前
10,1 年前
11,1 年前
12,1 年前
13,1 年前
14,1 年前
15,1 年前
16,1 年前
17,1 年前
18,1 年前
19,1 年前
20,1 年前
21,1 年前
22,1 年前
23,1 年前
24,1 年前
25,1 年前
26,1 年前
27,1 年前
28,1 年前
29,1 年前
30,1 年前
31,1 年前
32,1 年前
33,1 年前
34,1 年前
35,1 年前
36,1 年前
37,1 年前
38,1 年前
39,1 年前
40,1 年前
41,1 年前
42,1 年前
43,1 年前
44,1 年前
45,1 年前
46,1 年前
47,1 年前
48,2 年前
49,2 年前
50,2 年前
51,2 年前
52,2 年前
53,2 年前
54,2 年前
55,2 年前
56,2 年前
57,2 年前
58,2 年前
59,2 年前
60,2 年前
61,2 年前
62,2 年前
63,2 年前
64,2 年前
65,2 年前
66,2 年前
67,2 年前
68,2 年前
69,2 年前
70,2 年前
71,2 年前
72,2 年前
73,2 年前
74,2 年前
75,2 年前
76,2 年前
77,2 年前
78,2 年前
79,2 年前
80,2 年前
81,2 年前
82,2 年前
83,2 年前
84,2 年前
85,2 年前
86,2 年前
87,2 年前
88,2 年前
89,2 年前
90,2 年前
91,2 年前
92,2 年前
93,2 年前
94,2 年前
95,2 年前
96,2 年前
97,2 年前
98,2 年前
99,3 年前
100,3 年前
101,3 年前
102,3 年前
103,3 年前
104,3 年前
105,3 年前
106,3 年前
107,3 年前
108,3 年前
109,3 年前
110,3 年前
111,3 年前
112,3 年前
113,3 年前
114,3 年前
115,3 年前
116,3 年前
117,3 年前
118,3 年前
119,3 年前
120,3 年前
121,3 年前
122,3 年前
123,3 年前
124,3 年前
125,3 年前
126,3 年前
127,3 年前
128,3 年前
129,3 年前
130,3 年前
131,3 年前
132,3 年前
133,3 年前
134,3 年前
135,3 年前
136,3 年前
137,3 年前
138,3 年前
139,3 年前
140,3 年前
141,3 年前
142,3 年前
143,3 年前
144,3 年前
145,3 年前
146,3 年前
147,3 年前
148,3 年前
149,3 年前
150,3 年前
151,3 年前
152,3 年前
153,3 年前
154,3 年前
155,3 年前
156,3 年前
157,3 年前
158,3 年前
159,3 年前
160,3 年前
161,3 年前
162,3 年前
163,3 年前
164,3 年前
165,3 年前
166,3 年前
167,3 年前
168,3 年前
169,3 年前
170,3 年前
171,3 年前
172,3 年前
173,3 年前
174,3 年前
175,3 年前
176,3 年前
177,3 年前
178,3 年前
179,3 年前
180,3 年前
181,3 年前
182,3 年前
183,3 年前
184,3 年前
185,3 年前
186,3 年前
187,3 年前
188,3 年前
189,3 年前
190,3 年前
191,3 年前
192,3 年前
193,3 年前
194,3 年前
195,3 年前
196,3 年前
197,3 年前
198,3 年前
199,3 年前
200,3 年前
201,3 年前
202,3 年前
203,3 年前
204,3 年前
205,3 年前
206,3 年前
207,3 年前
208,3 年前
209,3 年前
210,3 年前
211,3 年前
212,3 年前
213,3 年前
214,3 年前
215,3 年前
216,3 年前
217,3 年前
218,3 年前
219,3 年前
220,3 年前
221,3 年前
222,3 年前
223,3 年前
224,3 年前
225,3 年前
226,3 年前
227,3 年前
228,3 年前
229,3 年前
230,3 年前
231,3 年前
232,3 年前
233,3 年前
234,3 年前
235,3 年前
236,3 年前
237,3 年前
238,3 年前
239,3 年前
240,3 年前
241,3 年前
242,3 年前
243,3 年前
244,3 年前
245,3 年前
246,3 年前
247,3 年前
248,3 年前
249,3 年前
250,3 年前
251,3 年前
252,3 年前
253,3 年前
254,3 年前
255,3 年前
256,3 年前
257,3 年前
258,3 年前
259,3 年前
260,3 年前
261,3 年前
262,3 年前
263,3 年前
264,3 年前
265,3 年前
266,3 年前
267,3 年前
268,3 年前
269,3 年前
270,3 年前
271,3 年前
272,3 年前
273,3 年前
274,3 年前
275,3 年前
276,3 年前
277,3 年前
278,3 年前
279,3 年前
280,3 年前
281,3 年前
282,3 年前
283,3 年前
284,3 年前
285,3 年前
286,3 年前
287,3 年前
288,3 年前
289,4 年前
290,4 年前
291,4 年前
292,4 年前
293,4 年前
294,4 年前
295,4 年前
296,4 年前
297,4 年前
298,4 年前
299,4 年前
300,4 年前
301,4 年前
302,4 年前
303,4 年前
304,4 年前
305,4 年前
306,4 年前
307,4 年前
308,4 年前
309,4 年前
310,4 年前
311,4 年前
312,4 年前
313,4 年前
314,4 年前
315,4 年前
316,4 年前
317,4 年前
318,4 年前
319,4 年前
320,4 年前
321,4 年前
322,4 年前
323,4 年前
324,4 年前
325,4 年前
326,4 年前
327,4 年前
328,4 年前
329,4 年前
330,4 年前
331,4 年前
332,4 年前
333,4 年前
334,4 年前
335,4 年前
336,4 年前
337,4 年前
338,4 年前
339,4 年前
340,4 年前
341,4 年前
342,4 年前
343,4 年前
344,4 年前
345,4 年前
346,4 年前
347,4 年前
348,4 年前
349,4 年前
350,4 年前
351,4 年前
352,4 年前
353,4 年前
354,4 年前
355,4 年前
356,4 年前
357,4 年前
358,4 年前
359,4 年前
360,4 年前
361,4 年前
362,4 年前
363,4 年前
364,4 年前
365,4 年前
366,4 年前
367,4 年前
368,4 年前
369,4 年前
370,4 年前
371,4 年前
